{"CRIM": 0.00632,"ZN": 18.0,"INDUS": 2.31,"NOX": 0.538, "RM": 6.575, "AGE": 65.2, "DIS": 4.0900, "TAX": 296.0, "PTRATIO": 15.3}
{"CRIM": 0.00332,"ZN": 0.0,"INDUS": 2.31,"NOX": 0.437, "RM": 7.7, "AGE": 40.0, "DIS": 5.0900, "TAX": 250.0, "PTRATIO": 17.3}
